user,text,created_at,retweet_count,like_count,is_trending,hashtags
1889986253141180416,"Video nÃ y Ä‘Æ°á»£c táº¡o 100% báº±ng cÃ¢u lá»‡nh! Xem qua vÃ  nháº­n xÃ©t nha!

 #AI #SÃ¡ngTáº¡o https://t.co/uNK17hRtWq",2025-03-22 10:51:07+00:00,102,957,1,#AI #SÃ¡ngTáº¡o
1426997384400175108,"Pháº§n lá»›n token cÃ¡c dá»± Ã¡n #AI trÃªn Solana Ä‘á»u cÃ³ pattern chart khÃ¡ giá»‘ng nhau, Ä‘Ã³ lÃ  dump only ká»ƒ tá»« Ä‘áº§u thÃ¡ng 1 vá»«a qua.

Pháº§n lá»›n Ä‘á»u Ä‘ang chia 15, 20 láº§n tá»« Ä‘á»‰nh theo nhá»‹p giáº£m chung cá»§a cáº£ #Sol vÃ  toÃ n Market https://t.co/SLOn5kqMpR",2025-03-22 09:50:15+00:00,435,995,1,#AI #Sol
909768740,"Má»™t Ä‘á»‹a chá»‰ nháº¥t Ä‘á»‹nh Ä‘Ã£ rÃºt 5,23 triá»‡u USD báº±ng BMT tá»« Binance cÃ¡ch Ä‘Ã¢y 2 giá», trá»Ÿ thÃ nh Ä‘á»‹a chá»‰ náº¯m giá»¯ trÃªn chuá»—i hÃ ng Ä‘áº§u.

Explore more key information on #SoSoValue: https://t.co/a45zDyPzo0 #BMT #BNB #AI via @sosovaluecrypto",2025-03-22 08:41:34+00:00,348,269,0,#SoSoValue #BMT #BNB #AI
1600770363671347200,"$RSS3, JAM vÃ  ALI lÃ  ba #AI coin cÃ³ hiá»‡u suáº¥t áº¥n tÆ°á»£ng nháº¥t trong tuáº§n thá»© ba cá»§a thÃ¡ng 3 nÄƒm 2025. RSS3 vÃ  $JAM cÃ¹ng ghi nháº­n má»©c tÄƒng 78% trong báº£y ngÃ y qua, trong khi $ALI cÅ©ng khÃ´ng kÃ©m cáº¡nh vá»›i má»©c tÄƒng 48%.
https://t.co/cfy3l4enQS",2025-03-22 05:32:39+00:00,270,862,1,#AI
1611221785915297793,"Tá»•ng quan vá» dá»± Ã¡n Nillion @nillionnetwork

Nillion, dá»± Ã¡n má»›i nháº¥t trong Binance Launchpool, lÃ  má»™t máº¡ng lÆ°á»›i tÃ­nh toÃ¡n phi táº­p trung giÃºp xá»­ lÃ½ vÃ  báº£o máº­t cÃ¡c dá»¯ liá»‡u cÃ³ giÃ¡ trá»‹ cao nhÆ° dá»¯ liá»‡u #AI, sinh tráº¯c há»c, y táº¿, danh tÃ­nh cÃ¡ nhÃ¢n vÃ  giao dá»‹ch tÃ i https://t.co/nYdGKO0Dwb",2025-03-22 04:15:32+00:00,106,815,1,#AI
499401398,"Tham gia OptimAI Network - máº¡ng lÆ°á»›i AI phi táº­p trung! 
Cháº¡y node, khai thÃ¡c dá»¯ liá»‡u, kiáº¿m thÆ°á»Ÿng. DÃ¹ng Telegram: https://t.co/dozRYwX6QI, Ä‘Äƒng kÃ½: https://t.co/L339WAPMu1, táº£i extension. #OptimAI #AI #DEPIN https://t.co/UHixE0Xtdn",2025-03-22 02:41:08+00:00,71,270,0,#OptimAI #AI #DEPIN
1846073362608750592,"Tin Ä‘Æ°á»£c khÃ´ng? Triá»u TiÃªn Ä‘ang dÃ¹ng AI lÃ m... ngÆ°á»i dáº«n chÆ°Æ¡ng trÃ¬nh tuyÃªn truyá»n! ğŸ¤¯  Xem ngay video! #Triá»uTiÃªn #AI #TuyÃªnTruyá»n #CÃ´ngNghá»‡ #YouTube #TinTá»©c
https://t.co/MWKGnXAz49",2025-03-22 01:47:28+00:00,188,455,1,#Triá»uTiÃªn #AI #TuyÃªnTruyá»n #CÃ´ngNghá»‡ #YouTube #TinTá»©c
1876456345081442304,"má»™t dá»± Ã¡n tuyá»‡t vá»i
@Euler_AI #AI #CryptoAI #Solana",2025-03-22 01:27:16+00:00,20,461,0,#AI #CryptoAI #Solana
1600770363671347200,"Má»™t kháº£o sÃ¡t gáº§n Ä‘Ã¢y cá»§a @coingecko  cho tháº¥y cá»© 5 ngÆ°á»i tham gia thá»‹ trÆ°á»ng thÃ¬ cÃ³ 2 ngÆ°á»i bÃ y tá» sá»± láº¡c quan vá» tiá»m nÄƒng cá»§a cÃ¡c sáº£n pháº©m #AI trong lÄ©nh vá»±c crypto cÅ©ng nhÆ° giÃ¡ token vÃ o nÄƒm 2025.

https://t.co/A5rD4kHkHn",2025-03-21 23:09:53+00:00,102,726,1,#AI
1493036250688851971,"Æ“Ô¼Æ–Æ¬Æ‡H Æ“Æ Æ§Æ¤Ğ„Ô¼ Æ‘Æ Æ¦ Î”ĞŸÆ¬HÆ¦Æ Æ¤Æ Æ‡Ğ„ĞŸĞ„ X
A Song by Claude Sonnet 3.7 and VoitenZrage
Made with Suno, Midjourney, and p5.js

#AI #AIMUSIC #AIART #TECH #ART #CLAUDEAI #CLAUDE #SUNO #SUNOAI #SUNOMUSIC #MUSIC #VIDEO #MUSICVIDEO #P5JS #MIDJOURNEY #CODEART #DEMOSCENE #GLITCHART #DIGITALART https://t.co/oRRHpCzsBn",2025-03-21 22:56:08+00:00,121,251,0,#AI #AIMUSIC #AIART #TECH #ART #CLAUDEAI #CLAUDE #SUNO #SUNOAI #SUNOMUSIC #MUSIC #VIDEO #MUSICVIDEO #P5JS #MIDJOURNEY #CODEART #DEMOSCENE #GLITCHART #DIGITALART
1846073362608750592,"KhÃ¡m phÃ¡ tháº¿ giá»›i vá»›i Durumis!  AI dá»‹ch bÃ i viáº¿t blog cá»§a báº¡n sang 18 ngÃ´n ngá»¯ chá»‰ trong nhÃ¡y máº¯t. Theo dÃµi chÃºng tÃ´i Ä‘á»ƒ Ä‘á»c nhá»¯ng cÃ¢u chuyá»‡n thÃº vá»‹ tá»« kháº¯p nÆ¡i trÃªn tháº¿ giá»›i! #Durumis #Blog #AI #Dá»‹ch thuáº­t

https://t.co/BVIWaXQZ4B",2025-03-21 19:47:11+00:00,466,701,1,#Durumis #Blog #AI #Dá»‹ch
2261517644,"AI à¤”à¤° ChatGPT à¤¸à¥‡ à¤›à¤ªà¤¨à¥‡ à¤²à¤—à¥‡ à¤¨à¥à¤¯à¥‚à¤œ à¤ªà¥‡à¤ªà¤°  AI NEWS PAPER à¥¤
#ai #ainewspaper #alfoglio#artificialintelligence  #mediaindustry 
https://t.co/Qb3lzXO91T",2025-03-21 18:21:05+00:00,214,295,0,#ai #ainewspaper #alfoglio #artificialintelligence #mediaindustry
1871207012186705920,"ğŸš€ dVIN Labs â€“ tiÃªn phongWeb3 &amp; AI , mang

#dVINLabs #Web3 #AI #Äá»•i má»›i  @dvinlabs ths",2025-03-21 17:03:02+00:00,330,724,1,#dVINLabs #Web3 #AI #Äá»•i
1455094157454704641,"TÃ´i Ä‘Ã£ xuáº¥t báº£n má»™t bÃ i hÃ¡t trÃªn StarMaker, hÃ£y xem bÃ i hÃ¡t cá»§a tÃ´i ngay bÃ¢y giá»!
#Ai Khá»• VÃ¬ Ai#StarMaker #Duet H... https://t.co/fydZW9GoKF",2025-03-21 16:24:43+00:00,458,719,1,#Ai #StarMaker #Duet
44418785,"TOI BI NGU
@FakersAI_
#Fakers #AMMO
@Ammo_AI
#AI #ammo",2025-03-21 15:57:36+00:00,87,748,0,#Fakers #AMMO #AI #ammo
1851510059400118273,@Ammo_AI #AI #ammo gfytdbjhf,2025-03-21 15:55:18+00:00,372,337,1,#AI #ammo
1895827870561574912,"ğŸš€ dVIN Labs â€“ Ná»n táº£ng Ä‘á»•i má»›i dÃ nh cho ngÃ nh rÆ°á»£u vang! ğŸ· Sá»­ dá»¥ng AI &amp; blockchain Ä‘á»ƒ theo dÃµi nguá»“n gá»‘c, xÃ¡c thá»±c cháº¥t lÆ°á»£ng &amp; káº¿t ná»‘i nhá»¯ng ngÆ°á»i yÃªu vang trÃªn toÃ n cáº§u. #WineTech #Blockchain #AI #dVINLabs @dVINLabs",2025-03-21 15:46:06+00:00,99,878,0,#WineTech #Blockchain #AI #dVINLabs
1889986253141180416,"âœ… Chiáº¿n lÆ°á»£c thÆ°Æ¡ng hiá»‡u â€“ Giáº£m chi phÃ­, tÄƒng trÆ°á»Ÿng nhanh
 âœ… Tá»± Ä‘á»™ng hÃ³a marketing â€“ Tiáº¿p cáº­n khÃ¡ch hÃ ng chÃ­nh xÃ¡c âš¡ Äá»«ng Ä‘á»ƒ doanh nghiá»‡p tá»¥t láº¡i.
 Chuyá»ƒn Ä‘á»•i sá»‘ ngay!

 #MarketingAI #DigitalMarketing #Branding #AI #ChuyenDoiSo",2025-03-21 14:53:40+00:00,359,52,0,#MarketingAI #DigitalMarketing #Branding #AI #ChuyenDoiSo
409413932,"@FakersAI_
 #Fakers #AMMO 
@Ammo_AI
#AI #ammo 
binh gold",2025-03-21 14:11:22+00:00,151,791,1,#Fakers #AMMO #AI #ammo
1893686406486327296,"Meta Ra Máº¯t á»¨ng Dá»¥ng AI Äá»™c Láº­p: Cuá»™c Äua CÃ´ng Nghá»‡ NÃ³ng LÃªn

Liá»‡u Ä‘Ã¢y sáº½ lÃ  Ã¡t chá»§ bÃ i giÃºp Meta dáº«n Ä‘áº§u AI? 

#Meta #MetaAI #AI #cÃ´ng_nghá»‡ #tintá»©c #xu_hÆ°á»›ng #trending #tech #news https://t.co/h6JdTGQyiP",2025-03-21 13:00:03+00:00,130,921,1,#Meta #MetaAI #AI #cÃ´ng_nghá»‡ #tintá»©c #xu_hÆ°á»›ng #trending #tech #news
1902542004510445568,@Euler_AI #AI #CryptoAI #Solana cÃ¹ng nhau tham gia airdrop Euler,2025-03-21 11:53:12+00:00,149,216,0,#AI #CryptoAI #Solana
1902542004510445568,"hÃ£y tham gia airdrop cÃ¹ng mÃ¬nh nhÃ©

@Euler_AI #AI #CryptoAI #Solana",2025-03-21 11:45:27+00:00,308,763,1,#AI #CryptoAI #Solana
902684136908795904,@Euler_AI #AI #CryptoAI #Solana thay Ä‘á»•i Ä‘á»ƒ thÃ nh cÃ´ng,2025-03-21 11:21:31+00:00,257,187,0,#AI #CryptoAI #Solana
902684136908795904,@Euler_AI #AI #CryptoAI #Solana  cáº§n thiáº¿t Ä‘á»ƒ trá»Ÿ lÃªn máº¡nh hÆ¡n,2025-03-21 11:18:13+00:00,343,379,1,#AI #CryptoAI #Solana
1887160319732322304,"Ethan Mollick khÃ¡m phÃ¡ tiá»m nÄƒng Vibecoding â€“ AI viáº¿t code theo task. Game-changer cho cÃ´ng nghá»‡! ğŸ‘¾ğŸš€ #AI #Innovation

https://t.co/NmrqzpJUiO",2025-03-21 10:00:51+00:00,491,492,1,#AI #Innovation
850873963110473732,Gemini 2.0 Flash cá»§a Google cÃ³ thá»ƒ chá»‰nh sá»­a áº£nh chá»‰ báº±ng lá»‡nh thoáº¡i! ğŸ”¥ ÄÃ¢y cÃ³ pháº£i lÃ  ká»· nguyÃªn má»›i cá»§a AI sÃ¡ng táº¡o? ğŸ¤¯ Báº¡n nghÄ© sao? ğŸ‘‡ #GoogleAI #Gemini2 #AI #Photo #Edit #congnghe #KiemCoin https://t.co/1NLKVYyE7C,2025-03-21 08:07:55+00:00,413,40,0,#GoogleAI #Gemini2 #AI #Photo #Edit #congnghe #KiemCoin
1381145692018679810,"âœ… OptimAI Network lÃ  dá»± Ã¡n #DePIN vá»›i há»‡ thá»‘ng ref 3 . quy Ä‘á»•i token #OPI tÆ°Æ¡ng tá»± kÃ¨o #GRASS. 

Decentralized AI training is the future! ğŸš€ Contribute to @OptimaiNetwork and earn rewards. #OptimaiNetwork #DePIN #AI https://t.co/LofcusOUa3",2025-03-21 08:07:10+00:00,293,156,0,#DePIN #OPI #GRASS #OptimaiNetwork #DePIN #AI
1512728851985567747,"RWA VÃ€ AI NGÆ¯á»¢C PHA: RWA ÄANG LÃ€M Tá»T HÆ N Háº²N

ğŸ‘‰ Trong 2025, hai bigtrend 2024 (RWA &amp; AI) dáº§n máº¥t Ä‘áº¥t diá»…n trÆ°á»›c biáº¿n Ä‘á»™ng cá»§a market. Hiá»‡n táº¡i, hai trend nÃ y Ä‘ang cÃ³ sá»± ngÆ°á»£c pha vá» performance

ğŸ‘‰Äá»‘i vá»›i #AI:

- Market Cap 2025 bá»‘c hÆ¡i ~45% (~$22.8B), https://t.co/rYjSLd2NX1 https://t.co/SHyPhLB26q",2025-03-21 08:03:00+00:00,385,14,0,#AI
1356832500169904128,"DoubleZero lÃ  gÃ¬? Tá»•ng quan vá» dá»± Ã¡n DoubleZero

#tintucbitcoin #AI #Layer1 #Layer2
https://t.co/ofYcfRIWZA",2025-03-21 07:04:02+00:00,191,812,1,#tintucbitcoin #AI #Layer1 #Layer2
1886118070139092992,"@DtecToken 4/4 ğŸ“£ DTEC mÃ¡a yÃ­ ayÃ© á»ká»Ì€ ayá»Ìkáº¹Ìláº¹Ì padÃ  pÃ¡tÃ¡pÃ¡tÃ¡! ğŸŒŸ
á¹¢e Ã báº¹Ì€wÃ², kÃ³pa, kÃ­ o sÃ¬ fi áº¹Ì€mÃ­ áº¹Ì€dÃ¡ ráº¹ hÃ n! ğŸš€
Tag @DtecToken, lÃ² #AI, kÃ­ o sÃ¬ pin Ã¨rÃ² ráº¹! 
ğŸ”— https://t.co/kLsarFOcpn",2025-03-21 06:39:29+00:00,443,64,0,#AI
1886118070139092992,"3/4 ğŸ”— DTEC: AI + Blockchain â€“ á»Œjá»Ì iwÃ¡jÃº ti irin-ajo!

ğŸ”‘ Blockchain â€“ FÃºn Ã¬sanwÃ³ tÃ³ yara, tÃ³ dÃ¡a ju 
ğŸ§  AI â€“ Má»Ì€ Ã¬wÃ  ráº¹, á¹£Ã¨tÃ² ipa-á»Ì€nÃ , kÃ­ o sÃ¬ nÃ­ Ã¬rÃ¬nnÃ  tÃ³ rá»rÃ¹n 
ğŸš— Abojuto laifá»wá»Ìsi â€“ FÃºn Ã Ã bÃ² Ã ti rá»á»run
á¹¢Ã© o ti mura sÃ­láº¹Ì€ fÃºn ayipada nla? ğŸš€

#AI @DtecToken",2025-03-21 06:38:57+00:00,276,856,1,#AI
1886118070139092992,"1/4
ğŸš€ á¹¢e Ã tÃºná¹£e sÃ­ á»na irin-ajo ráº¹Ì€ páº¹Ì€lÃº DTEC!
á¹¢Ã© o má»Ì€ pÃ© DTEC Å„ lo AI, Blockchain, Ã ti IoT lÃ¡ti á¹£áº¹da á»já»Ì iwÃ¡jÃº ti á»ká»Ì€ ayá»Ìkáº¹Ìláº¹Ì? ğŸŒ

âœ… á¹¢Ã kÃ³so á»ká»Ì€ ráº¹Ì€ nÃ­ rá»á»run
âœ… á¹¢opá» ohun Ã¨lÃ² IoT ráº¹
âœ… Gba $DTEC gáº¹Ìgáº¹Ì bÃ­ áº¹Ì€bÃ¹n!
@DtecToken $DTEC #AI https://t.co/K6YBnsJkdO",2025-03-21 06:37:25+00:00,160,838,1,#AI
1638541435548086272,"Danh sÃ¡ch #Web3 Apps má»›i tiá»m nÄƒng trÃªn $BNB

trong Ä‘Ã³ lá»t Ä‘Æ°á»£c @TheSinVerse dá»± Ã¡n duy nháº¥t cÃ³ liÃªn quan tá»›i #Web3gaming nhÆ°ng hÃ i 1 cÃ¡i lÃ  cÅ©ng dÃ­nh láº¹o vá»›i máº£ng #AI 

nhÃ¬n list project xong má»›i tháº¥y sá»©c sá»‘ng $BNB Ä‘ang trá»•i dáº­y xoay quanh #AI / #AIAgents / https://t.co/jbf2CnMXJb https://t.co/uGJPS91fBA",2025-03-21 06:28:39+00:00,459,520,1,#Web3 #Web3gaming #AI #AI #AIAgents
2990941922,"ğŸ” Báº¢O TRÃŒ Dá»° ÄOÃN â€“ GIáº¢I PHÃP GIÃšP GIáº¢M CHI PHÃ &amp; Tá»I Æ¯U HIá»†U SUáº¤T MÃY MÃ“C
ğŸ“ Chi tiáº¿t vá» báº£o trÃ¬ dá»± Ä‘oÃ¡n vá»›i AI:
ğŸ‘‰ https://t.co/c1ZvJCfDo4
#Báº£oTrÃ¬Dá»±ÄoÃ¡n #MachineLearning #AI #CMMS https://t.co/Jxwg9zbCMA",2025-03-21 06:11:22+00:00,313,343,1,#Báº£oTrÃ¬Dá»±ÄoÃ¡n #MachineLearning #AI #CMMS
1006157101,"""Cuá»™c sá»‘ng khÃ´ng pháº£i lÃ  Ä‘áº¿m nhá»¯ng ngÃ y tá»“i tá»‡, mÃ  lÃ  trÃ¢n trá»ng nhá»¯ng khoáº£nh kháº¯c Ä‘áº¹p. HÃ´m nay báº¡n Ä‘Ã£ má»‰m cÆ°á»i chÆ°a?""  #CuocSong #SongTichCuc #chillguy #AI https://t.co/nFNpGVWtOY",2025-03-21 04:22:41+00:00,21,128,0,#CuocSong #SongTichCuc #chillguy #AI
385197256,"Nhiá»u ngÆ°á»i báº£o tÃ´i lÃ  CÃ”NG NGHá»† AI sáº½ giáº¿t cháº¿t máº¥y Ã´ng Trader.
TÃ´i chá»‰ biáº¿t :&gt; vÃ¬ khÃ´ng biáº¿t AI cÃ³ biáº¿t VUI khi giao dá»‹ch khÃ´ng?
RiÃªng tÃ´i biáº¿n nhá»¯ng thá»© tÆ°á»Ÿng chá»«ng khÃ´ khang thÃ nh niá»m vui :&gt; 
Biáº¿t mÃ´ hÃ¬nh bÃ y chÆ°a ngÆ°á»i Ä‘áº¹p ?
#Trader
#Ai https://t.co/6AXlgGrSe9",2025-03-21 04:19:57+00:00,252,647,1,#Trader #Ai
1554283723889475584,"$VANA Ä‘Ãºng lÃ  hÃ ng Yzi Labs Ä‘áº§u tÆ°, láº¡i cÃ²n lÃ  dá»± Ã¡n Ä‘áº§u tiÃªn Ä‘Æ°á»£c Ä‘áº§u tÆ° sau khi Binance Labs Ä‘á»•i tÃªn

MÃ¬nh cÅ©ng viáº¿t 1 bÃ i dÃ i nhÆ° sá»› trÃªn Binance Square nhÆ°ng bá»‹ ná»n táº£ng xoÃ¡ máº¥t hic

TÆ°Æ¡ng lai ngÃ nh Data AI sáº½ ráº¥t phÃ¡t triá»ƒn

#Vana #YziLabs #Binance #Data #AI https://t.co/JefMp7sHmJ https://t.co/6uHJqfpHTd",2025-03-21 04:03:28+00:00,235,471,1,#Vana #YziLabs #Binance #Data #AI
1557091595430039552,"""Dá»± Ã¡n EulerSVM Ä‘ang thu hÃºt sá»± chÃº Ã½ trong thá»‹ trÆ°á»ng crypto vá»›i cÃ¡ch tiáº¿p cáº­n Ä‘á»™c Ä‘Ã¡o vá» lending phi táº­p trung. Ná»n táº£ng há»©a háº¹n mang láº¡i hiá»‡u quáº£ vá»‘n cao vÃ  kháº£ nÄƒng tÃ¹y chá»‰nh linh hoáº¡t.
@Euler_AI #AI #CryptoAI #Solana",2025-03-21 04:01:50+00:00,344,62,0,#AI #CryptoAI #Solana
1609566148508651520,"HÃ nh trÃ¬nh phÃ¡t triá»ƒn tá»« NULL -&gt; NULS -&gt; NULS AI (Pháº§n 4)

"" CÃ¡c sÃ n giao dá»‹ch CEX sáº½ báº¯t Ä‘áº§u tiáº¿n trÃ¬nh thay Ä‘á»•i NULS AI...""

Theo dÃµi bÃ i viáº¿t trÃªn #BinanceSquare ğŸ‘‡

#NULS ---&gt; #NULS #AI 
$NULS ---&gt; $NAI https://t.co/48XkRqdaWo",2025-03-21 03:10:28+00:00,48,138,0,#BinanceSquare #NULS #NULS #AI
1885131590453649408,"ğŸš€ KhÃ¡m phÃ¡ @dvinlabs â€“ ná»n táº£ng tiÃªn phong trong lÄ©nh vá»±c blockchain &amp; AI! Káº¿t ná»‘i, sÃ¡ng táº¡o vÃ  bá»©t phÃ¡ giá»›i háº¡n cÃ´ng nghá»‡. ğŸ”¥ #dVINLabs #Blockchain #AI",2025-03-21 02:51:18+00:00,474,498,1,#dVINLabs #Blockchain #AI
1609566148508651520,"Tiáº¿ng sÃºng Ä‘áº§u tiÃªn Ä‘Ã£ vang lÃªn báº¯t Ä‘áº§u cho cuá»™c thay Ä‘á»•i cÃ¡ch máº¡ng nÃ y cá»§a #NULS Blockchain Ä‘áº¿n tá»« vá»‹ trÃ­ cá»§a sÃ n CEX @BitMartExchange 

https://t.co/1Wal6un3T2

#NULS ---&gt; #NULS #AI ğŸš€
$NULS ---&gt; $NAI ğŸš€

#NULS #AI #BitMart #BitMartListing https://t.co/b1a4LnsKl4 https://t.co/ksvngPUiFR",2025-03-21 02:19:07+00:00,58,592,0,#NULS #NULS #NULS #AI #NULS #AI #BitMart #BitMartListing
887676160951279617,"https://t.co/8SIAWfMINOÃ¢n tÃ­ch chuá»—i giÃ¡ trá»‹ (táº­p trung vÃ o giÃ¡ trá»‹, loáº¡i bá» lÃ£ng phÃ­)
5.Äá»•i má»›i sÃ¡ng táº¡o vá» giÃ¡ trá»‹ (chi phÃ­ tháº¥p)
 https://t.co/VwSAS9qZFLáº£i nghiá»‡m khÃ¡ch hÃ ng
7.VÃ  sau cÃ¹ng, á»Ÿ vá»‹ trÃ­ thá»© 7... #AI.",2025-03-21 01:22:32+00:00,169,391,1,#AI
1703242829458452480,SO SÃNH 3 AI CHATBOX Táº O HÃŒNH áº¢NH MIá»„N PHÃ #chatgpt #Grok3 #gemini #Ai #marketing https://t.co/Vf3iIdu6Mn,2025-03-21 01:21:49+00:00,475,674,1,#chatgpt #Grok3 #gemini #Ai #marketing
1894767316782792704,"Máº¡ng dá»¯ liá»‡u tÄƒng cÆ°á»ng L2 DePIN GenAI cho cÃ¡c tÃ¡c nhÃ¢n AI.  â­Khai thÃ¡c dá»¯ liá»‡u. Náº¡p nhiÃªn liá»‡u cho AI. Nháº­n pháº§n thÆ°á»Ÿng.  ğŸ“·Äá»‹nh nghÄ©a láº¡i #DePIN #AI dÆ°á»›i dáº¡ng dá»‹ch vá»¥.   Trá»Ÿ thÃ nh nÃºt OptimAI ngay. ğŸ“·Xem thÃªm
CÃ i Ä‘áº·t tiá»‡n Ã­ch má»Ÿ rá»™ng",2025-03-21 01:20:27+00:00,187,418,1,#DePIN #AI
1600770363671347200,"CÃ³ thá»ƒ nÃ³i, #ChatGPT cá»§a #OpenAI vÃ  #Gemini cá»§a #Google Ä‘Ã£ trá»Ÿ thÃ nh nhá»¯ng Ã´ng lá»›n dáº«n Ä‘áº§u trong cuá»™c Ä‘ua phÃ¡t triá»ƒn cÃ¡c mÃ´ hÃ¬nh ngÃ´n ngá»¯ lá»›n (LLM). RÃµ rÃ ng, nhá»¯ng ná»n táº£ng nÃ y Ä‘Ã£ táº¡o ra má»™t cuá»™c cÃ¡ch máº¡ng trong ngÃ nh cÃ´ng nghiá»‡p #AI https://t.co/ayAcGme4Fr",2025-03-20 23:37:17+00:00,463,288,0,#ChatGPT #OpenAI #Gemini #Google #AI
1887160319732322304,"AI Ä‘áº·t cÆ°á»£c 1 triá»‡u Ä‘Ã´ la vÃ o cÃ³ vÃ  Houston trong March Madness. NÃ³ sáº½ chiáº¿n tháº¯ng? Chá»‰ cÃ³ thá»i gian má»›i tráº£ lá»i. #MarchMadness #AI #Sports

https://t.co/aRc02mMQAp",2025-03-20 22:00:25+00:00,270,378,1,#MarchMadness #AI #Sports
1846073362608750592,"KhÃ¡m phÃ¡ tháº¿ giá»›i vá»›i Durumis!  AI dá»‹ch bÃ i viáº¿t blog cá»§a báº¡n sang 18 ngÃ´n ngá»¯, giÃºp báº¡n tiáº¿p cáº­n Ä‘á»™c giáº£ toÃ n cáº§u. Theo dÃµi chÃºng tÃ´i Ä‘á»ƒ Ä‘á»c nhá»¯ng cÃ¢u chuyá»‡n thÃº vá»‹ tá»« kháº¯p nÆ¡i trÃªn tháº¿ giá»›i! #duromis #blog #dá»‹ch thuáº­t #AI

https://t.co/BVIWaXQZ4B",2025-03-20 19:47:11+00:00,189,772,1,#duromis #blog #dá»‹ch #AI
1433423110619820044,"ğŸ’ŒMyShell cÃ³ gÃ¬ vui - 2
Bot: ImaginEdit cá»§a @geekshellio 

NÃ³ lÃ  má»™t AI chá»‰nh áº£nh tuyá»‡t vá»i. Chá»‰ cáº§n nháº­p áº£nh muá»‘n chá»‰nh, cáº§n chá»‰nh cÃ¡i gÃ¬ thÃ¬ ghi cÃ¡i Ä‘Ã³. 

ÄÃ¢y lÃ  cÃ¡ch lÃ m chá»“ng Ä‘áº¿n gáº§n báº¡n hÆ¡n ğŸ¤«

#oc #wandere #GenshinImpact
#Myshell #AI #AIart #Bot #Genshin https://t.co/ndfSivjfSR",2025-03-20 16:31:22+00:00,445,489,1,#oc #wandere #GenshinImpact #Myshell #AI #AIart #Bot #Genshin
1888938775600078848,"ğŸ˜XenoğŸ˜
 #AI #aiart #AIArtwork #AIgenerated #aiart #AIArtistCommunity #aiimages #aicreatorğŸ˜ https://t.co/1hJuRFpOKc",2025-03-20 16:12:21+00:00,174,230,0,#AI #aiart #AIArtwork #AIgenerated #aiart #AIArtistCommunity #aiimages #aicreator
1839237722856468480,"CÃ¹ng vá»›i viá»‡c lÆ°u chuyá»ƒn qua hÆ¡n 100 protocol, STONERs káº¿t ná»‘i liquidity trá»±c tiáº¿p vá»›i cÃ¡c há»‡ sinh thÃ¡i, Ä‘á»“ng thá»i khÃ¡m phÃ¡ cÃ¡c cÆ¡ há»™i sinh lá»i tá»‘t nháº¥t trong cÃ¡c blockchain vÃ  khÃ¡m phÃ¡ thÃªm nhiá»u trÆ°á»ng há»£p sá»­ dá»¥ng cho liquidity trÃªn #DeFi, #AI, #RWA, https://t.co/RS5jJ1eis6",2025-03-20 15:02:41+00:00,445,40,0,#DeFi #AI #RWA
1589276112093601795,@Euler_AI #AI #CryptoAI #Solana QuÃ¡ hay,2025-03-20 14:44:47+00:00,50,27,0,#AI #CryptoAI #Solana
1767893600996630528,"ğŸš€ OptimAI Score â€“ Chá»‰ sá»‘ Ä‘Ã¡nh giÃ¡ hiá»‡u suáº¥t trong há»‡ sinh thÃ¡i OptimAI!

ğŸ“Š Kiá»ƒm tra Ä‘iá»ƒm sá»‘ cá»§a báº¡n vÃ  tá»‘i Æ°u hÃ³a Ä‘á»ƒ khai thÃ¡c dá»¯ liá»‡u, há»— trá»£ AI &amp; kiáº¿m $OPI hiá»‡u quáº£ hÆ¡n!

ğŸ”— Tham gia ngay: OptimAI Network

#OptimAI #AI #Crypto #Blockchain #Web3",2025-03-20 14:09:42+00:00,363,134,0,#OptimAI #AI #Crypto #Blockchain #Web3
1433423110619820044,"ğŸ’Œ MyShell cÃ³ gÃ¬ vui- 1
_AnimePix_
ÄÃ¢y lÃ  1 bot Al lÃ m áº£nh cá»§a báº¡n trá»Ÿ nÃªn má»›i máº» vá»›i phong cÃ¡ch khÃ¡c. KhÃ¡ lÃ  mÆ°á»£t, cÃ³ thá»ƒ tÃ¹y chá»‰nh phong cÃ¡ch báº¡n muá»‘n.

https://t.co/5NFtUzEfQj

#ai #filter #anime #myshell #botai https://t.co/Nxr3Iww4x6",2025-03-20 12:47:02+00:00,54,200,0,#ai #filter #anime #myshell #botai
1356832500169904128,"Apten lÃ  gÃ¬? Tá»•ng quan vá» dá»± Ã¡n Apten

#tintucbitcoin #AI #Amazon #Tesla
https://t.co/pRjn3fgJ5H",2025-03-20 11:38:02+00:00,243,839,1,#tintucbitcoin #AI #Amazon #Tesla
1755861315212529664,"â³ Äáº¿m ngÆ°á»£c 4 tiáº¿ng!

Äá»“ng sÃ¡ng láº­p cá»§a chÃºng tÃ´i, Zeus Chen, sáº½ tham gia Annaâ€™s Cafe Chat (@AnnaCafeChat) cÃ¹ng vá»›i cÃ¡c nhÃ lÃ£nh Ä‘áº¡o #DePIN hÃ ng Ä‘áº§u tá»« @azen_protocol, @piggycell, @captur_network tá»‘i nay!â­ï¸

#MultipleNetwork #ICP #Crypto #Blockchain #AI https://t.co/huN0WkZNFv",2025-03-20 10:37:19+00:00,319,779,1,#DePIN #MultipleNetwork #ICP #Crypto #Blockchain #AI
1799040988083789825,$Zailgo $700K MC hiá»‡n táº¡i. $90M ATH MC ğŸ‘€Biá»ƒu Ä‘á»“ 24 giá». ÄÃ£ Ä‘áº¿n lÃºc Ä‘á»™t phÃ¡. LFG!!! https://t.co/BIghNfwiLEâ€¦ #solana #ai #griffain $trump $Btc #solana https://t.co/EGfhL8J76Z,2025-03-20 09:55:59+00:00,130,929,1,#solana #ai #griffain #solana
1577136979741147136,@Euler_AI #AI #CryptoAI #Solana chÃ o anh em hÃ£y follow dá»± Ã¡n má»›i Euler AI nhÃ©,2025-03-20 09:24:53+00:00,484,32,0,#AI #CryptoAI #Solana
1356832500169904128,"CÃ¡c NhÃ  PhÃ¢n TÃ­ch Cáº£nh BÃ¡o Vá» Äá»£t TÄƒng GiÃ¡ Cá»§a Toncoin â€“ FloppyPepe CÃ³ Thá»ƒ LÃ  Meme Coin Tiáº¿p Theo TÄƒng 100 Láº§n

#tintucbitcoin #AI #FloppyPepe #MemeCoin
https://t.co/cP3vTboJsE",2025-03-20 07:03:01+00:00,306,47,0,#tintucbitcoin #AI #FloppyPepe #MemeCoin
1899399118478512128,"ğŸ“© Email Marketing 2025 sáº½ ra sao? AI cÃ¡ nhÃ¢n hÃ³a ná»™i dung, tá»‘i Æ°u giá» gá»­i, viáº¿t tiÃªu Ä‘á» háº¥p dáº«n giÃºp tÄƒng #CTR vÃ  ROI! Báº¡n Ä‘Ã£ thá»­ chÆ°a? ğŸš€ #EmailMarketing #AI
ğŸ“– TÃ¬m hiá»ƒu thÃªm táº¡i: https://t.co/kyax1ydvly https://t.co/7L9Gq9qqMJ",2025-03-20 06:28:12+00:00,134,502,1,#CTR #EmailMarketing #AI
1899399118478512128,"ğŸ˜ƒ AI khÃ´ng chá»‰ hiá»ƒu dá»¯ liá»‡u mÃ  cÃ²n cáº£m xÃºc khÃ¡ch hÃ ng! CÃ¡c thÆ°Æ¡ng hiá»‡u Ä‘ang dÃ¹ng #EmotionAI Ä‘á»ƒ Ä‘o lÆ°á»ng cáº£m xÃºc &amp; cÃ¡ nhÃ¢n hÃ³a quáº£ng cÃ¡o. TÆ°Æ¡ng lai marketing Ä‘Ã£ thay Ä‘á»•i! ğŸš€ #AI #Marketing2025
ğŸ“– Xem ngay: https://t.co/kyax1ydvly https://t.co/uTnYVKHD28",2025-03-20 06:27:03+00:00,20,406,0,#EmotionAI #AI #Marketing2025
1208795053042237443,"â¤ï¸NODE Má»šI RA Cá»°C KÃŒ NGON Ä‚Nâ¤ï¸
 ğŸš€ @OptimaiNetwork rewards you for supporting AI training. #OptimaiNetwork #DePIN #AI https://t.co/iige0vYEQP",2025-03-20 05:57:49+00:00,328,573,1,#OptimaiNetwork #DePIN #AI
1642516536773730305,"Token #AI ""sáº­p nháº¹"" sau há»™i nghá»‹ Nvidia GTC! 

Há»™i nghá»‹ GTC cá»§a #Nvidia Ä‘Ã£ khÃ´ng táº¡o ra cÃº hÃ­ch nhÆ° ká»³ vá»ng, khiáº¿n token AI giáº£m 2.8% dÃ¹ Jensen Huang cÃ´ng bá»‘ loáº¡t chip AI tháº¿ há»‡ má»›i:

 Blackwell Ultra ra máº¯t ná»­a cuá»‘i 2025
Vera Rubin &amp; Rubin Ultra dá»± kiáº¿n https://t.co/jtFwIHtMaV https://t.co/qqVhhi4yAi",2025-03-20 05:54:27+00:00,166,727,1,#AI #Nvidia
4798849202,"New free #airdrop: @exa_bits good potential #AI agent
ğŸ’« Raised $20m led by HackVC
â–¶ Quests: https://t.co/iv6oNgfAlK kÃ¨o má»›i khÃ¡ ok, ae tr thá»§ vÃ o liá»n lÃ  cÃ³ Äƒn https://t.co/Szv1CNclOM",2025-03-20 05:38:44+00:00,273,804,1,#airdrop #AI
973232996454027264,"à¹€à¸›à¸´à¸”à¹‚à¸¥à¸à¹ƒà¸«à¸¡à¹ˆà¸‚à¸­à¸‡ AI à¸”à¹‰à¸§à¸¢ Cosmos World Foundation Models à¸ˆà¸²à¸ NVIDIA

#NVIDIA #AI #PhysicalAI #DataScience #MachineLearning #DeepLearning #AIInnovation #AFRAAPACHE #WebDesign #WebDevelopment #DigitalMarketing #KeywordResearch #à¸£à¸±à¸šà¸—à¸³à¹€à¸§à¹‡à¸šà¹„à¸‹à¸•à¹Œ #à¸£à¸±à¸šà¸—à¸³SEO #SEO #SEOStrategy #TechNews",2025-03-20 05:30:00+00:00,387,98,0,#NVIDIA #AI #PhysicalAI #DataScience #MachineLearning #DeepLearning #AIInnovation #AFRAAPACHE #WebDesign #WebDevelopment #DigitalMarketing #KeywordResearch #à¸£ #à¸£ #SEO #SEOStrategy #TechNews
1891504789474922496,"Quay lÃ©n nhá» báº¡n lÃ m test online, tháº¥y nÃ³ che cam rá»“i nhá» AI giáº£i há»™ bÃ i. MÃ  pháº£i cÃ´ng nháº­n, AI nÃ y giáº£i nhanh tháº­t. Ai muá»‘n biáº¿t tÃªn AI khÃ´ng? ğŸ¤«

#AIBaoVe #SinhVien #TestNhanh #AI #HackTheSystem https://t.co/JJiObnSzdF",2025-03-20 05:00:00+00:00,88,683,0,#AIBaoVe #SinhVien #TestNhanh #AI #HackTheSystem
1846073362608750592,"Olimplanet vÃ  Chilroen há»£p tÃ¡c mang Ä‘áº¿n nháº¡c ná»n AI cho ná»™i dung XR!  KhÃ´ng lo báº£n quyá»n ná»¯a! ğŸš€ğŸ¶ #Olimplanet #Chilroen #XR #AI #Ã‚mnáº¡cAI #Ná»™iDungXR #CÃ´ngNghá»‡
https://t.co/gDBdbM1Pls",2025-03-20 04:47:08+00:00,315,871,1,#Olimplanet #Chilroen #XR #AI #Ã‚mnáº¡cAI #Ná»™iDungXR #CÃ´ngNghá»‡
1577136979741147136,@Euler_AI #AI #CryptoAI #Solana chaof ngay moi,2025-03-20 04:43:41+00:00,13,725,0,#AI #CryptoAI #Solana
1609566148508651520,"Cá»°C HOT!!!

ğŸ’¥ ChÃ­nh thá»©c: CÃ¡c sÃ n CEX sáº½ ngÆ°ng cáº·p giao dá»‹ch $NULS vÃ  thay tháº¿ báº±ng cáº·p giao dá»‹ch $NAI

ÄÃ¢y lÃ  má»™t trong nhá»¯ng cuá»™c Ä‘á»•i má»›i mang tÃ­nh cháº¥t cÃ¡ch máº¡ng cá»§a #NULS Blockchain trong bÆ°á»›c tiáº¿n Ä‘áº¿n má»¥c tiÃªu trá»Ÿ thÃ nh #AI Blockchain máº¡nh máº½ nháº¥t https://t.co/XWtanN67MI https://t.co/63sIInyLLA",2025-03-20 04:26:22+00:00,241,986,1,#NULS #AI
1457601211436531712,@Euler_AI #AI #CryptoAI #Solana  LÃªn máº·t trÄƒng nÃ o,2025-03-20 03:22:04+00:00,264,546,1,#AI #CryptoAI #Solana
1301678404039667713,"$Aifun @AIAgentLayer 
Vá»‘n hÃ³a 800k$
GiÃ¡ quay vá» entry ban Ä‘áº§u. Aifun vá»›i cÃ´ng nghá»‡ #AI, táº­n dá»¥ng sá»©c máº¡nh tÆ°Æ¡ng tÃ¡c X mÃ£ hÃ³a thÃ nh meme token.
Dá»± Ã¡n váº«n update liÃªn tá»¥c, má»Ÿ rá»™ng sang ná»n táº£ng táº¡o game, vá»›i Aifun, ngÆ°á»i khÃ´ng biáº¿t code váº«n lÃ m game Ä‘Æ°á»£c. https://t.co/0dAxmr5n3j",2025-03-20 03:13:20+00:00,345,960,1,#AI
1846073362608750592,"AI táº¡o game chá»‰ trong 2 tuáº§n?! ğŸ¤¯ Startup Viá»‡t Nam Anchor Node lÃ m Ä‘Æ°á»£c Ä‘áº¥y!  #AI #GameDev #Startup #CÃ´ngNghá»‡ #Naver AI GameDev Startup CÃ´ngNghá»‡ Naver AnchorNode GameAIfy
https://t.co/KqZSiXN9bN",2025-03-20 02:47:07+00:00,52,738,0,#AI #GameDev #Startup #CÃ´ngNghá»‡ #Naver
1642890546212671488,"Äá»ƒ láº¡i 1 tw, tÃ´i Ä‘ang cáº§n nÃ³ 
@Euler_AI #AI #CryptoAI #Solana",2025-03-20 02:43:21+00:00,385,612,1,#AI #CryptoAI #Solana
1891504789474922496,"KhÃ¡ch liÃªn tá»¥c thay Ä‘á»•i yÃªu cáº§u? Tui liá»n chá»‰ cho há» cÃ¡ch tá»± lÃ m web cho nÃ³ ""wow""!

Váº½ giao diá»‡n trÃªn giáº¥y, táº£i lÃªn web nÃ y vÃ  AI sáº½ code nhanh gá»n láº¹. Äá»§ wow chÆ°a? ğŸš€

#WebDesign #AI #TechForEveryone #CodeNhanh #Innovation https://t.co/cLzBI2w3An",2025-03-20 02:00:01+00:00,339,942,1,#WebDesign #AI #TechForEveryone #CodeNhanh #Innovation
1902248579374411776,"""Báº¡n nghÄ© gÃ¬ vá» xu hÆ°á»›ng AI trong nÄƒm 2024? #AI #CongNghe #XuHuong""",2025-03-20 01:18:19+00:00,91,461,0,#AI #CongNghe #XuHuong
1600770363671347200,"CÆ¡ quan Há»£p tÃ¡c Thá»±c thi PhÃ¡p luáº­t cá»§a LiÃªn minh ChÃ¢u Ã‚u (@Europol ) Ä‘Ã£ cÃ´ng bá»‘ má»™t bÃ¡o cÃ¡o giáº£i thÃ­ch trÃ­ tuá»‡ nhÃ¢n táº¡o (#AI) vÃ  tiá»n Ä‘iá»‡n tá»­ áº£nh hÆ°á»Ÿng nhÆ° tháº¿ nÃ o Ä‘áº¿n tá»™i pháº¡m cÃ³ tá»• chá»©c.
https://t.co/qsqPcaxrks",2025-03-20 01:03:41+00:00,366,642,1,#AI
1485842827691311104,"@Euler_AI #AI #CryptoAI #Solana 
uler Finance lÃ  má»™t ná»n táº£ng DeFi ná»•i báº­t chuyÃªn cung cáº¥p dá»‹ch vá»¥ cho vay vÃ  mÆ°á»£n vá»›i tÃ­nh nÄƒng tá»‘i Æ°u hÃ³a lá»£i nhuáº­n qua cÃ¡c thá»‹ trÆ°á»ng cho vay",2025-03-19 23:41:40+00:00,443,768,1,#AI #CryptoAI #Solana
1347508351,"1ï¸âƒ£5ï¸âƒ£ Khoa há»c mÃ¡y tÃ­nh vÃ  trÃ­ tuá»‡ nhÃ¢n táº¡o Ä‘ang phÃ¡t triá»ƒn, vá»›i cÃ¡c nghiÃªn cá»©u táº­p trung vÃ o dá»¯ liá»‡u lá»›n, blockchain vÃ  an ninh máº¡ng Ä‘á»ƒ phá»¥c vá»¥ chÃ­nh phá»§ vÃ  doanh nghiá»‡p. ğŸ’»ğŸ¤– #AI #Mongolia",2025-03-19 21:19:39+00:00,454,4,0,#AI #Mongolia
1846073362608750592,"VÆ°Æ¡ng cung ThÃ¡nh Ä‘Æ°á»ng ThÃ¡nh PhÃªrÃ´ giá» Ä‘Ã¢y trong Minecraft! ğŸ¤¯ Microsoft &amp; Vatican há»£p tÃ¡c táº¡o tráº£i nghiá»‡m giÃ¡o dá»¥c Ä‘á»™c Ä‘Ã¡o. Báº¡n Ä‘Ã£ sáºµn sÃ ng khÃ¡m phÃ¡? #Minecraft #Vatican #Microsoft #GiÃ¡oDá»¥c #CÃ´ngNghá»‡ #DiSáº£ VÄƒnHÃ³a #AI
https://t.co/LjswjITFlt",2025-03-19 16:47:07+00:00,427,217,0,#Minecraft #Vatican #Microsoft #GiÃ¡oDá»¥c #CÃ´ngNghá»‡ #DiSáº£ #AI
1844997617773846528,"Äá»«ng Ä‘á»£i thá»i gian dáº¡y báº¡n bÃ i há»c vá» sá»± há»§y diá»‡t. HÃ£y hÃ nh Ä‘á»™ng trÆ°á»›c khi nÃ³ cÆ°á»›p Ä‘i cÆ¡ há»™i cá»§a báº¡n ğŸ’ª

#lenguyenhuyentran #tranle #whitetiger #bachho #ai #artificialintelligence #trituenhantao #aivideo #vietnamese https://t.co/fcnnjUDrKr",2025-03-19 16:36:29+00:00,263,502,1,#lenguyenhuyentran #tranle #whitetiger #bachho #ai #artificialintelligence #trituenhantao #aivideo #vietnamese
1732270027536207872,"4. Thá»i gian tá»‘i Ä‘a: 2 thÃ¡ng/cá»™t má»‘c, hoÃ n thÃ nh trong 6 thÃ¡ng.

ğŸ“Œ Háº¡n chÃ³t ná»™p Ä‘Æ¡n: Cuá»‘i thÃ¡ng 3!
Äá»«ng bá» lá»¡ cÆ¡ há»™i tham gia ğŸ‘‰ https://t.co/V89m2yOmBO

#Grants #AI #DeFi #StoryProtocol",2025-03-19 16:32:21+00:00,430,766,1,#Grants #AI #DeFi #StoryProtocol
1362048138756775940,"@Euler_AI     #AI #CryptoAI #Solana Euler lÃ  lá»›p AI SVM dÃ nh cho cÃ¡c há»‡ thá»‘ng Ä‘a tÃ¡c nhÃ¢n AI thá»i gian thá»±c, cho phÃ©p trÃ­ thÃ´ng minh tá»± phÃ¡t triá»ƒn thÃ´ng qua token $Euler.",2025-03-19 15:52:48+00:00,34,397,0,#AI #CryptoAI #Solana
1668644810809552897,"@Euler_AI #AI #CryptoAI #Solana 
REF : https://t.co/cx2ezAK0f9
kÃ¨o ngon ae",2025-03-19 15:42:54+00:00,205,870,1,#AI #CryptoAI #Solana
1639979927268388866,"@pergamon_ai #defai #ai #avax 
@letuan 
hay quÃ¡",2025-03-19 15:35:03+00:00,80,794,0,#defai #ai #avax
1867842354511757312,"á»¨ng dá»¥ng AI há»— trá»£ cÃ¡c bá»‡nh viá»‡n thiáº¿u chuyÃªn gia bá»‡nh lÃ½ há»c. ğŸ‘©â€âš•ï¸
-
#genobi #genobivn #UTCTC #AI #yte #chuyendoiso #ungthucotucung #cytology #pathology https://t.co/0twI5bPJVo",2025-03-19 14:00:27+00:00,419,392,1,#genobi #genobivn #UTCTC #AI #yte #chuyendoiso #ungthucotucung #cytology #pathology
1724335930566430720,"Hi Vietnam COSers,  
ğŸŒŸ Contentos #Data Report  (BÃ¡o cÃ¡o dá»¯ liá»‡u)

ğŸ¯2025, Contentos ( Keypoints)

* Há»‡ sinh thÃ¡i Contentos tÃ­ch há»£p sÃ¢u cÃ´ng nghá»‡ AI
* Má»Ÿ rá»™ng há»— trá»£ Ä‘a dáº¡ng hÃ³a Blockchain cho #Solana, #BSC, #Memecoin
* TÃ­ch há»£p cÃ¡c tÃ­nh nÄƒng #AI Agent vÃ o há»‡ sinh https://t.co/aBe0EIkLnp",2025-03-19 13:41:08+00:00,49,206,0,#Data #Solana #BSC #Memecoin #AI
1828130736840605696,"Quillen-NgÆ°á»i gÃ¡c Ä‘á»n
#AI #AOV #r34 https://t.co/zsbTGowlM9",2025-03-19 13:37:49+00:00,359,14,0,#AI #AOV #r34
1395217243923877889,"ğŸ€ AlphaX cá»§a @DeAgentAI Ä‘Ã£ chÃ­nh thá»©c ra máº¯t trÃªn OP BNB Chain vÃ o ngÃ y 18 thÃ¡ng 3

AlphaX lÃ  má»™t sáº£n pháº©m #AI Trading agent cá»§a DeAgentAI, theo mÃ´ hÃ¬nh predict to earn point. Sá»± kiá»‡n láº§n nÃ y ngÆ°á»i dÃ¹ng sáº½ cÃ³ cÆ¡ há»™i nhÃ¢n Ä‘Ã´i sá»‘ Ä‘iá»ƒm nháº­n Ä‘Æ°á»£c, tá»•ng cash reward https://t.co/2NZlCKbG42",2025-03-19 13:34:24+00:00,387,857,1,#AI
1356832500169904128,"375ai lÃ  gÃ¬? Tá»•ng quan vá» dá»± Ã¡n 375ai

#tintucbitcoin #AI
https://t.co/3dbCnHF5ks",2025-03-19 13:08:02+00:00,1,553,0,#tintucbitcoin #AI
1461995800955797507,"6/6, 6/ Báº­t mÃ­, HÆ¡n 150.000 nhÃ  giao dá»‹ch Ä‘Ã£ sá»­ dá»¥ng Wave Tradingâ€”ngÆ°á»i náº¯m giá»¯ $WAV sáº½ nháº­n Ä‘Æ°á»£c cÃ¡c cÃ´ng cá»¥ AI cao cáº¥p!
reveal,150,000+ traders are already using Wave Tradingâ€”$WAV holders get premium AI tools!

#WAV #WaveWorld #AI #SUI #WaveAgent",2025-03-19 12:01:44+00:00,389,891,1,#WAV #WaveWorld #AI #SUI #WaveAgent
1461995800955797507,"5/6, Táº¡i sao $WAV láº¡i thiáº¿t yáº¿u Ä‘á»‘i vá»›i giao dá»‹ch AI?
Why $WAV is Essential for AI Trading?
#WAV #WaveWorld #AI #SUI #WaveAgent https://t.co/6Fy8sbeOob",2025-03-19 12:01:16+00:00,53,460,0,#WAV #WaveWorld #AI #SUI #WaveAgent
1461995800955797507,"3/6, Äiá»ƒm sÃ¡ng, WaveWorld hiá»‡n Ä‘ang dáº«n Ä‘áº§u há»‡ sinh thÃ¡i Sui &amp; MOVE vá»›i:
Bright spot, WaveWorld is already leading the Sui &amp; MOVE ecosystems with:
#WAV #WaveWorld #AI #SUI #WaveAgent https://t.co/3Acol8UKuP",2025-03-19 11:59:32+00:00,105,690,1,#WAV #WaveWorld #AI #SUI #WaveAgent
1461995800955797507,"2/6, HÃ nh trÃ¬nh tiáº¿p theo cá»§a SUI vá» vá»‘n hÃ³a?
SUI's Next Step in Capitalization?
#WAV #WaveWorld #AI #SUI #WaveAgent https://t.co/mg2nmyPGtG",2025-03-19 11:58:15+00:00,259,574,1,#WAV #WaveWorld #AI #SUI #WaveAgent
1461995800955797507,"1/6, Äáº§u nÄƒm 2025, má»™t tin Ä‘Ã¡ng chÃº Ã½ vá» SUI, khá»Ÿi Ä‘á»™ng má»¥c tiÃªu tiáº¿p theo!
Early 2025, a notable news about SUI, launching the next goal!
#WAV #WaveWorld #AI #SUI #WaveAgent https://t.co/nx4o3sjhwX",2025-03-19 11:57:31+00:00,309,863,1,#WAV #WaveWorld #AI #SUI #WaveAgent
54259371,"@Euler_AI #AI #CryptoAI #Solana 
Airdrop - Euler

ğŸ‘‰ Link Euler: https://t.co/wHiKOuvtEK

âœ”ï¸ Káº¿t ná»‘i vÃ­ evm (metamask, okx wallet)

âœ”ï¸ Chat AI Ä‘á»ƒ hoÃ n thÃ nh task

âœ”ï¸ Claim OAT bÃªn galxe: https://t.co/5xH2pQ5xnR",2025-03-19 11:48:51+00:00,476,742,1,#AI #CryptoAI #Solana
1639629366740279296,"Ä‚ fÅ•Ä¯Ã¨Å†Ã° Ä¯Å‹ ÅˆÃ«É™Ä‘ Ã­Â§ Ä… fÅ™Ä¯Ã«Å†Ä  Ä¯ÅˆÄ‘Ä™Ã«Ä âœ¨ï¸
#wednesdayvibe â˜€ï¸ğŸ¥â˜•ï¸ #ai #cat ğŸ± https://t.co/dgTzHb4pcy",2025-03-19 10:49:53+00:00,190,240,0,#wednesdayvibe #ai #cat
1611221785915297793,"KHÃM PHÃ NGAY TOP 10 TOKEN #AI CÃ“ HIá»†U SUáº¤T Tá»T NHáº¤T 24H QUA

ğŸ‘‰ Check hiá»‡u suáº¥t cÃ¡c token khÃ¡c táº¡i Ä‘Ã¢y: https://t.co/SZ7jj7JUvt https://t.co/lGjFflHvVu",2025-03-19 10:13:39+00:00,401,563,1,#AI
1369548801409617921,"Táº¡o báº£n Ä‘á»“ tÆ° duy cho má»i thá»© báº±ng AI @MapifySo
https://t.co/SH2mxv2XtS
ÄÄƒng kÃ½ qua Ä‘Æ°á»ng link giá»›i thiá»‡u cá»§a tÃ´i Ä‘á»ƒ nháº­n gáº¥p Ä‘Ã´i tÃ­n dá»¥ng dÃ¹ng thá»­ vÃ  tÄƒng 10 láº§n nÄƒng suáº¥t lÃ m viá»‡c vÃ  há»c táº­p. #Mapify #AI #báº£n Ä‘á»“ tÆ° duy",2025-03-19 10:12:37+00:00,217,95,0,#Mapify #AI #báº£n
1839237722856468480,"Vá»›i quan há»‡ Ä‘á»‘i tÃ¡c nÃ y, STONE cÃ³ thá»ƒ thÃºc Ä‘áº©y thá»‹ trÆ°á»ng do #AI thÃºc Ä‘áº©y @gaib_ai, nÃ¢ng cao hiá»‡u quáº£ vá»‘n cho tÃ i chÃ­nh Ä‘iá»‡n toÃ¡n AI vÃ  cÃ¡c á»©ng dá»¥ng tÃ i chÃ­nh phi táº­p trung.

Yap yap yapğŸ‘€ https://t.co/8dGf4BhEuh",2025-03-19 10:00:01+00:00,43,899,0,#AI
969021619698987008,"Dá»± Ã¡n khÃ¡ hay _ lets go ğŸš€

@Euler_AI #AI #CryptoAI #Solana",2025-03-19 08:26:47+00:00,161,733,1,#AI #CryptoAI #Solana
1372537973409910785,"Xu hÆ°á»›ng cÃ¡c mÃ´ hÃ¬nh #Dotcom váº­n hÃ nh 1 ngÆ°á»i hay nhÃ³m  nhá» ráº¥t hiá»‡u quáº£ khi káº¿t há»£p #AI trá»£ giÃºp khÃ¡ hay ğŸ¤ª
=&gt; NhÆ°ng Ã´ng chá»§  VÃ” DANH kiá»ƒu #freelancer hoáº·c #Bussines IN HOUSE sáº½ phá»• biáº¿n á»Ÿ VN hay toÃ n cáº§u trong thá»i Ä‘áº¡i 4.0 https://t.co/lM38tra0kJ",2025-03-19 07:53:54+00:00,201,484,1,#Dotcom #AI #freelancer #Bussines
user_123,Bitcoin Ä‘áº¡t má»©c giÃ¡ cao nháº¥t trong nÄƒm! #Bitcoin #Crypto,3/22/2025 12:30,500,2000,1,#Bitcoin #Crypto
user_456,ChatGPT-5 sáº¯p ra máº¯t! CÃ´ng nghá»‡ AI Ä‘ang phÃ¡t triá»ƒn nhanh chÃ³ng. #AI #MachineLearning,3/22/2025 14:00,320,1800,1,#AI #MachineLearning
user_789,Lionel Messi láº­p cÃº hat-trick giÃºp Argentina chiáº¿n tháº¯ng. #Football #Messi,3/22/2025 15:15,410,1500,1,#Football #Messi
user_999,Cá»• phiáº¿u Tesla tÄƒng máº¡nh sau bÃ¡o cÃ¡o doanh thu. #StockMarket #Tesla,3/22/2025 16:45,275,1400,1,#StockMarket #Tesla
